WF_JOB_ID,PDF_URL
4147274,https://api.ciranet.com/ManagementPortal/api/ai/wf-invoice?EncryptedId=0AgJgiQk9nU%3d
4147278,https://api.ciranet.com/ManagementPortal/api/ai/wf-invoice?EncryptedId=eY1pvxXapxo%3d
4100211,https://api.ciranet.com/ManagementPortal/api/ai/wf-invoice?EncryptedId=5qoYN2WiVvU%3d
4359880,https://api.ciranet.com/ManagementPortal/api/ai/wf-invoice?EncryptedId=8WkBhLtkfTw%3d
4253880,https://api.ciranet.com/ManagementPortal/api/ai/wf-invoice?EncryptedId=wBbAZXE6gXg%3d
4406086,https://api.ciranet.com/ManagementPortal/api/ai/wf-invoice?EncryptedId=Ef8YPiyGnvM%3d
4732494,https://api.ciranet.com/ManagementPortal/api/ai/wf-invoice?EncryptedId=xqDwRz%2fg5aM%3d
4100309,https://api.ciranet.com/ManagementPortal/api/ai/wf-invoice?EncryptedId=Pwr295U9R10%3d
4100219,https://api.ciranet.com/ManagementPortal/api/ai/wf-invoice?EncryptedId=cXvFynUjHK0%3d
4673296,https://api.ciranet.com/ManagementPortal/api/ai/wf-invoice?EncryptedId=5XBx395v6o0%3d
4300766,https://api.ciranet.com/ManagementPortal/api/ai/wf-invoice?EncryptedId=EjAYzYv2vRI%3d
4359163,https://api.ciranet.com/ManagementPortal/api/ai/wf-invoice?EncryptedId=G3Qm3jrntkQ%3d
4563602,https://api.ciranet.com/ManagementPortal/api/ai/wf-invoice?EncryptedId=LW5TpwKFApw%3d
4255298,https://api.ciranet.com/ManagementPortal/api/ai/wf-invoice?EncryptedId=61IHxgYTvx4%3d
4100306,https://api.ciranet.com/ManagementPortal/api/ai/wf-invoice?EncryptedId=J6PV5lXaIbk%3d
4202823,https://api.ciranet.com/ManagementPortal/api/ai/wf-invoice?EncryptedId=oXnNDJJkV%2bM%3d
4563525,https://api.ciranet.com/ManagementPortal/api/ai/wf-invoice?EncryptedId=2TST8wm0zn8%3d
4563536,https://api.ciranet.com/ManagementPortal/api/ai/wf-invoice?EncryptedId=yKmjz95dOIk%3d
4563548,https://api.ciranet.com/ManagementPortal/api/ai/wf-invoice?EncryptedId=pAFZTtiiefg%3d
4563559,https://api.ciranet.com/ManagementPortal/api/ai/wf-invoice?EncryptedId=58GSo2ZGJnk%3d
4410096,https://api.ciranet.com/ManagementPortal/api/ai/wf-invoice?EncryptedId=cP9WknEp%2fs8%3d
4410107,https://api.ciranet.com/ManagementPortal/api/ai/wf-invoice?EncryptedId=3%2byr4oLMmzQ%3d
4563257,https://api.ciranet.com/ManagementPortal/api/ai/wf-invoice?EncryptedId=leoXGIcD4Pg%3d
4099817,https://api.ciranet.com/ManagementPortal/api/ai/wf-invoice?EncryptedId=Gzx15CvJSG8%3d
4300769,https://api.ciranet.com/ManagementPortal/api/ai/wf-invoice?EncryptedId=L6EUcsQFGGk%3d
4563272,https://api.ciranet.com/ManagementPortal/api/ai/wf-invoice?EncryptedId=BBQM13EWgsA%3d
4565017,https://api.ciranet.com/ManagementPortal/api/ai/wf-invoice?EncryptedId=0xbGeMteAT4%3d
4565135,https://api.ciranet.com/ManagementPortal/api/ai/wf-invoice?EncryptedId=mHrMgxaXspA%3d
4565145,https://api.ciranet.com/ManagementPortal/api/ai/wf-invoice?EncryptedId=xRSjhU9bPTc%3d
4731847,https://api.ciranet.com/ManagementPortal/api/ai/wf-invoice?EncryptedId=BUEhBZmgvjk%3d
4616791,https://api.ciranet.com/ManagementPortal/api/ai/wf-invoice?EncryptedId=anZicOWAOe0%3d
4616801,https://api.ciranet.com/ManagementPortal/api/ai/wf-invoice?EncryptedId=bBz6YDTOm1Y%3d
4406409,https://api.ciranet.com/ManagementPortal/api/ai/wf-invoice?EncryptedId=KxKns1YXwq4%3d
4673440,https://api.ciranet.com/ManagementPortal/api/ai/wf-invoice?EncryptedId=%2fr5vWNR2jgc%3d
4673639,https://api.ciranet.com/ManagementPortal/api/ai/wf-invoice?EncryptedId=WoPXsvmzEdI%3d
4147533,https://api.ciranet.com/ManagementPortal/api/ai/wf-invoice?EncryptedId=cbJ2TPQc%2fQk%3d
4203372,https://api.ciranet.com/ManagementPortal/api/ai/wf-invoice?EncryptedId=B%2b3CYNxV1MA%3d
4203374,https://api.ciranet.com/ManagementPortal/api/ai/wf-invoice?EncryptedId=BKJzqEzhmyM%3d
4203385,https://api.ciranet.com/ManagementPortal/api/ai/wf-invoice?EncryptedId=cQYeIYXgDmI%3d
4203403,https://api.ciranet.com/ManagementPortal/api/ai/wf-invoice?EncryptedId=NsqoWs%2fxKgY%3d
4515483,https://api.ciranet.com/ManagementPortal/api/ai/wf-invoice?EncryptedId=nfVt509yj9E%3d
4515484,https://api.ciranet.com/ManagementPortal/api/ai/wf-invoice?EncryptedId=d9s7rJ5ctoM%3d
4563290,https://api.ciranet.com/ManagementPortal/api/ai/wf-invoice?EncryptedId=7Jd4VAc1AUI%3d
4731453,https://api.ciranet.com/ManagementPortal/api/ai/wf-invoice?EncryptedId=BKvPHL3nGrI%3d
4563147,https://api.ciranet.com/ManagementPortal/api/ai/wf-invoice?EncryptedId=FiZc414Mybc%3d
4300797,https://api.ciranet.com/ManagementPortal/api/ai/wf-invoice?EncryptedId=Qh896XHGjK0%3d
4202796,https://api.ciranet.com/ManagementPortal/api/ai/wf-invoice?EncryptedId=lyt%2bRNNmegc%3d
4202863,https://api.ciranet.com/ManagementPortal/api/ai/wf-invoice?EncryptedId=Fzqt0%2b%2f%2b1AY%3d
4099965,https://api.ciranet.com/ManagementPortal/api/ai/wf-invoice?EncryptedId=Fn1p4VcFZTc%3d
4100647,https://api.ciranet.com/ManagementPortal/api/ai/wf-invoice?EncryptedId=ODFSkSK2N6k%3d
4254263,https://api.ciranet.com/ManagementPortal/api/ai/wf-invoice?EncryptedId=L%2fudJsAGAKY%3d
4254264,https://api.ciranet.com/ManagementPortal/api/ai/wf-invoice?EncryptedId=656TIoCP4Eg%3d
4254265,https://api.ciranet.com/ManagementPortal/api/ai/wf-invoice?EncryptedId=ZkBjIlXif2s%3d
4300863,https://api.ciranet.com/ManagementPortal/api/ai/wf-invoice?EncryptedId=IaO3Z5gO8Bc%3d
4300907,https://api.ciranet.com/ManagementPortal/api/ai/wf-invoice?EncryptedId=eIu8jkHx8kQ%3d
4359358,https://api.ciranet.com/ManagementPortal/api/ai/wf-invoice?EncryptedId=67smdXgQlHc%3d
4515992,https://api.ciranet.com/ManagementPortal/api/ai/wf-invoice?EncryptedId=VU20bzlq%2fKk%3d
4100341,https://api.ciranet.com/ManagementPortal/api/ai/wf-invoice?EncryptedId=WvJNGfxJQGc%3d
4147379,https://api.ciranet.com/ManagementPortal/api/ai/wf-invoice?EncryptedId=jsbrreiTF00%3d
4147284,https://api.ciranet.com/ManagementPortal/api/ai/wf-invoice?EncryptedId=c3Yf2MOHOy8%3d
4147297,https://api.ciranet.com/ManagementPortal/api/ai/wf-invoice?EncryptedId=bvlHpket65c%3d
4203296,https://api.ciranet.com/ManagementPortal/api/ai/wf-invoice?EncryptedId=vrp4a3qajTo%3d
4616716,https://api.ciranet.com/ManagementPortal/api/ai/wf-invoice?EncryptedId=7z2PV3%2f%2f5S8%3d
4673306,https://api.ciranet.com/ManagementPortal/api/ai/wf-invoice?EncryptedId=PuaT38as%2bao%3d
4673309,https://api.ciranet.com/ManagementPortal/api/ai/wf-invoice?EncryptedId=Ia6WGzAc%2fmI%3d
4673327,https://api.ciranet.com/ManagementPortal/api/ai/wf-invoice?EncryptedId=sd3k9jXyPtA%3d
4616665,https://api.ciranet.com/ManagementPortal/api/ai/wf-invoice?EncryptedId=5g6%2bv2%2fgspI%3d
4300786,https://api.ciranet.com/ManagementPortal/api/ai/wf-invoice?EncryptedId=3qamZ621AFs%3d
4359003,https://api.ciranet.com/ManagementPortal/api/ai/wf-invoice?EncryptedId=%2b86zvWoFIYA%3d
4406104,https://api.ciranet.com/ManagementPortal/api/ai/wf-invoice?EncryptedId=bwgNNOb17FQ%3d
4463282,https://api.ciranet.com/ManagementPortal/api/ai/wf-invoice?EncryptedId=mkNJujWMr90%3d
4098589,https://api.ciranet.com/ManagementPortal/api/ai/wf-invoice?EncryptedId=GUooImPSDqc%3d
4100433,https://api.ciranet.com/ManagementPortal/api/ai/wf-invoice?EncryptedId=Ypf7oeX3BWQ%3d
4732313,https://api.ciranet.com/ManagementPortal/api/ai/wf-invoice?EncryptedId=CZCdT2O0%2fbs%3d
4254427,https://api.ciranet.com/ManagementPortal/api/ai/wf-invoice?EncryptedId=GgOxptxG9XA%3d
4099551,https://api.ciranet.com/ManagementPortal/api/ai/wf-invoice?EncryptedId=a%2fhTKPeHxVA%3d
4100253,https://api.ciranet.com/ManagementPortal/api/ai/wf-invoice?EncryptedId=dsMgJgKbsHc%3d
4147426,https://api.ciranet.com/ManagementPortal/api/ai/wf-invoice?EncryptedId=aixorvmdqCQ%3d
4147446,https://api.ciranet.com/ManagementPortal/api/ai/wf-invoice?EncryptedId=bGhFJpTTjGs%3d
4147404,https://api.ciranet.com/ManagementPortal/api/ai/wf-invoice?EncryptedId=6ZpA5B1YAgA%3d